time_elapsed,active_users,requests_per_second,total_requests,active_requests,cpu_utilization,gpu_utilization,gpu_memory_usage,response_head_latency,response_latency,response_tokens_per_second
12,1,0.0,1,1,7.4,0.0,98.53569030761719,0,0,0.0
17,7,11.2,76,7,8.8,78.0,98.54545593261719,0.004911425190587197,0.2830576910291399,239.6
22,10,27.6,224,10,9.3,75.0,98.56986999511719,0.004442907118461502,0.30778148616569634,554.4
27,10,30.0,384,10,9.2,84.0,98.56986999511719,0.004881661732991536,0.31400003751118977,620.0
